{
  "model_name": "Logistic Regression",
  "timestamp": "2025-10-26T19:50:08.783946",
  "metrics": {
    "accuracy": 0.8636363636363636,
    "precision": 0.8636363636363636,
    "recall": 0.8636363636363636,
    "f1_score": 0.8636363636363636,
    "roc_auc": 0.940337552742616
  },
  "confusion_matrix": [
    [
      129,
      21
    ],
    [
      21,
      137
    ]
  ],
  "classification_report": {
    "0": {
      "precision": 0.86,
      "recall": 0.86,
      "f1-score": 0.86,
      "support": 150.0
    },
    "1": {
      "precision": 0.8670886075949367,
      "recall": 0.8670886075949367,
      "f1-score": 0.8670886075949367,
      "support": 158.0
    },
    "accuracy": 0.8636363636363636,
    "macro avg": {
      "precision": 0.8635443037974684,
      "recall": 0.8635443037974684,
      "f1-score": 0.8635443037974684,
      "support": 308.0
    },
    "weighted avg": {
      "precision": 0.8636363636363636,
      "recall": 0.8636363636363636,
      "f1-score": 0.8636363636363636,
      "support": 308.0
    }
  }
}